Row.names	pseudotime_bas
e14_GCAACCGGTGAACTAA	-1.7165475526264096
e13_GCCAACGAGCGCGTTC	-1.6958662568116334
e13_TGCGGCACATGGCTGC	-1.6751849609968574
e13_CAATGACGTTCGGACC	-1.6545036651820815
e13_GCAACCGGTTACCTGA	-1.6338223693673055
e13_TCGGGCACACACCTGG	-1.6131410735525293
e13_CACCAAAAGAACTCCT	-1.5924597777377534
e13_TCACTCGGTGCAATGG	-1.5717784819229774
e14_CGGAATTTCATGAAAG	-1.5510971861082015
e14_TTCCGGTAGCCGATCC	-1.5304158902934253
e14_TCTCAGCTCGAGGCAA	-1.5097345944786493
e13_GAATCGTCACTCTAGA	-1.4890532986638734
e14_TAACACGAGTACCCTA	-1.4683720028490972
e14_ATTACCTTCAAGGAGC	-1.4476907070343212
e13_TCCTGCATCTCTCGAC	-1.4270094112195453
e13_GCCATGGAGCAGCAGT	-1.4063281154047693
e13_ACGGGTCCACGATTCA	-1.3856468195899931
e13_ATGGGTTAGCACTCCG	-1.3649655237752172
e13_GTAGAGGTCCTGCTAC	-1.3442842279604412
e13_GACCGTGAGTCATGAA	-1.3236029321456653
e14_GTTAGACGTATACCTG	-1.302921636330889
e14_GAGGGTAGTCTTCTAT	-1.2822403405161131
e13_ACAGCCGAGTGCGTCC	-1.2615590447013372
e13_CAACGGCAGTAGCTCT	-1.240877748886561
e13_CGAATTGCACTCTAGA	-1.220196453071785
e14_ATGAAAGCACATAACC	-1.199515157257009
e13_CACTGTCGTAAGGTCG	-1.1788338614422331
e14_GCGGATCAGTCGGCCT	-1.158152565627457
e14_GAGTCATCACTGGCGT	-1.137471269812681
e14_TAGGTACCAATCGCCG	-1.116789973997905
e14_CATGCTCTCTAAACGC	-1.0961086781831288
e13_CACGTGGCACAAGTTC	-1.075427382368353
e13_GTGCACGTCGAGCCTG	-1.054746086553577
e14_TCAGCAAAGCCAACCC	-1.034064790738801
e13_GTTACAGCAACGGCTC	-1.0133834949240248
e14_AACCACAGTCTTCATT	-0.9927021991092488
e14_TTTGGAGGTTGCGGAA	-0.9720209032944729
e14_GTAAGTCTCTCGCCTA	-0.9513396074796968
e14_ACCAAACCATCGGAGA	-0.9306583116649209
e14_AAGCGTTTCCCACAGG	-0.9099770158501448
e14_CTCCACAAGCTATCTG	-0.8892957200353688
e14_GAGTGAGAGCGACTAG	-0.8686144242205928
e14_TCACTCGCAAATACGA	-0.8479331284058167
e14_AACCATGCACCCTGAG	-0.8272518325910407
e13_GGTGATTTCGTTCTGC	-0.8065705367762647
e14_CTATCTAAGCTCACTA	-0.7858892409614887
e14_ATTGTTCCAAATCCCA	-0.7652079451467126
e14_ACAGCCGGTTGTAGCT	-0.7445266493319367
e15_GAGACCCCACATGTTG	-0.7238453535171606
e15_AAAGTCCGTTCCGCAG	-0.7031640577023847
e15_GATAGAAAGTATTAGG	-0.6824827618876086
e15_GTCAAACCATCGAAGG	-0.6618014660728326
e15_ACGGTCGCAGGTTTAC	-0.6411201702580566
e14_CTTGAGAGTCCGGTCA	-0.6204388744432805
e15_ACCACAAGTGGGCTTC	-0.5997575786285045
e15_GACCAATAGCGCCTTG	-0.5790762828137285
e15_TCCTTCTGTGGCAGAT	-0.5583949869989525
e14_ATTCACTGTACGAAAT	-0.5377136911841764
e15_ACAACCACATGCCGAC	-0.5170323953694005
e15_ATTACCTGTTGGTGTT	-0.4963510995546244
e15_GGTTCTCTCGCTACGG	-0.4756698037398484
e15_TCATGAGCAGGTAGTG	-0.4549885079250724
e15_TCCATCGCACCCTAGG	-0.4343072121102964
e15_TTACCGCTCAGGACGA	-0.41362591629552037
e15_CTACCTGCAAAGGTTA	-0.39294462048074436
e15_TAACTTCCAGCACACC	-0.37226332466596834
e15_GCACTAATCATTTGCT	-0.35158202885119233
e15_TCCTCCCTCGCTGATA	-0.3309007330364163
e15_GGTAGAGAGAATTGTG	-0.31021943722164025
e15_GACCTTCTCAGACATC	-0.28953814140686424
e15_TTTACTGAGCGCACAA	-0.2688568455920882
e15_TCCATCGGTCGCAACC	-0.2481755497773122
e15_CATGAGTCATCGTGCG	-0.2274942539625362
e15_ACATCGAAGGCCTTGC	-0.20681295814776018
e15_GGTGGCTAGCTTGTTG	-0.18613166233298417
e15_TCGGGCATCATTTGCT	-0.16545036651820816
e15_GACCCAGTCAGGAAAT	-0.14476907070343212
e15_ATTCCCGGTGAGGCAT	-0.1240877748886561
e15_AAATGGATCACCACAA	-0.10340647907388009
e15_CTCCAACCAAGGATGC	-0.08272518325910408
e15_ATCCGTCAGTCTTCCC	-0.06204388744432805
e15_GTGAGTTAGAAGATCT	-0.04136259162955204
e15_TCCACGTTCCACCTGT	-0.02068129581477602
e15_CCCATTGAGAAACTCA	0
e15_GTAGGTTTCTAAGCGT	0.02068129581477602
e15_AAGGTAAGTATCCTCC	0.04136259162955204
e15_TACCCGTCAGTCCCGA	0.06204388744432805
e15_CATGCTCTCATTCACT	0.08272518325910408
e15_GCTACCTCATCCTCAC	0.10340647907388009
e15_GTCAAACCAAACGGCA	0.1240877748886561
e15_GAGACCCAGATGTTCC	0.14476907070343212
e15_GTGTTAGTCAAGTAAG	0.16545036651820816
e15_GTAGGTTCACTCAAGT	0.18613166233298417
e15_GTCACGGAGGCCACTC	0.20681295814776018
e15_CTGTCGTAGGCACGAT	0.2274942539625362
e15_CTACCTGAGTTCCGTA	0.2481755497773122
e15_CCAATTTGTTCTCAGA	0.2688568455920882
e15_TTGCATTGTGAAGCGT	0.28953814140686424
e15_AAGACTCTCGGCCAAC	0.31021943722164025
e15_GTAATCGCACCTGATA	0.3309007330364163
e15_TTCGCTGTCCGTGTCT	0.35158202885119233
e15_TGATGCAAGTAAAGCT	0.37226332466596834
e15_CGCAGGTCAGCCGTTG	0.39294462048074436
e15_CGTTGGGGTCCTGTCT	0.41362591629552037
e15_CTCCACAGTAGATCGG	0.4343072121102964
e15_GCGGATCGTACTGGGA	0.4549885079250724
e15_GTTGAACTCGGATACT	0.4756698037398484
e15_TTTCACACACGGTGAA	0.4963510995546244
e15_CTGCGAGCAGCATACT	0.5170323953694005
e15_ATGTCCCGTGACGTCC	0.5377136911841764
e15_GACTCAAAGTATGACA	0.5583949869989525
e15_GGCAGTCAGAAGGTAG	0.5790762828137285
e15_CTTCTAATCTTAGGAC	0.5997575786285045
e15_AACAGGGAGTCGGGAT	0.6204388744432805
e15_TACTTCAAGGGTACGT	0.6411201702580566
e15_CAGGGCTTCGTGGCGT	0.6618014660728326
e15_TTCACGCTCCGCTTAC	0.6824827618876086
e15_ACGTCCTCATCTGCGG	0.7031640577023847
e15_GTCGTTCCACAGTATC	0.7238453535171606
e15_GGTCACGTCGGACCAC	0.7445266493319367
e15_TCGAACAAGCCGGATA	0.7652079451467126
p0_GAACACTGTGCACGCT	0.7858892409614887
e15_AGAGAATTCGGCTGAC	0.8065705367762647
e15_GGGCGTTCAGCCTACG	0.8272518325910407
e15_CCACACTGTCGTCTCT	0.8479331284058167
p0_GCGTTTCTCTGTAACG	0.8686144242205928
e15_ACCATTTCATACAGGG	0.8892957200353688
e15_AACCACAGTTGTCTAG	0.9099770158501448
e15_TTCATTGGTAACCAGG	0.9306583116649209
p0_ATCGCCTTCGAGAGCA	0.9513396074796968
e15_GGAATCTGTCTCGGGT	0.9720209032944729
e15_GGCAGTCCAACTGGTT	0.9927021991092488
e15_GGTGTCGGTATCACGT	1.0133834949240248
e15_AGCTCAATCTGCGGCA	1.034064790738801
e15_CCTAAGACAAATGCGG	1.054746086553577
e15_AACAGGGGTCAGACGA	1.075427382368353
e15_GGTAGAGTCGCCGAGT	1.0961086781831288
e15_AATGACCAGGGTACGT	1.116789973997905
e15_TAACACGCATTGTACG	1.137471269812681
e15_TTGGGTAGTACAGAGC	1.158152565627457
e15_AGCCACGCACACCGCA	1.1788338614422331
e15_TCATGGACAGTATACC	1.199515157257009
e15_TGGGCGTCAGCGTATT	1.220196453071785
e15_ATCGGATAGAGTAACT	1.240877748886561
e15_CACAGGCCACGCAAAG	1.2615590447013372
e15_CCGGACAAGAGAGTGA	1.2822403405161131
e15_TGATGGTCATCATCCC	1.302921636330889
p0_AGGTTGTTCTCTGCTG	1.3236029321456653
p0_CCGTGAGCACTCTCGT	1.3442842279604412
p0_TCCTAATTCAGTGTCA	1.3649655237752172
e15_GGGATCCGTGGATCAG	1.3856468195899931
e15_CTGCCTACAGGCTTGC	1.4063281154047693
e15_TGGAGAGTCTGGTGGC	1.4270094112195453
e15_TCCCAGTCATATGAAG	1.4476907070343212
p0_GAGACTTTCAGCGCAC	1.4683720028490972
p0_TCAGTTTAGAACTTCC	1.4890532986638734
p0_TGAGCATAGCAATTAG	1.5097345944786493
p0_AACGAAACAGCGTAGA	1.5304158902934253
p0_CTCAACCCATTCACCC	1.5510971861082015
p0_GTCATTTGTGTAAATG	1.5717784819229774
p0_GACTCAAGTCGAAACG	1.5924597777377534
p0_TGAATGCAGCTTTCTT	1.6131410735525293
p0_TCAAGCAGTAGCGCCT	1.6338223693673055
p0_GAAGCGACACACCTTC	1.6545036651820815
p0_AGGACTTAGCTACGTT	1.6751849609968574
p0_ACTCTCGAGAGCACTG	1.6958662568116334
p0_AGATGCTGTCAACACT	1.7165475526264096
