Row.names	pseudotime_lum
e14_GCAACCGGTGAACTAA	-1.7278096261858813
e13_GCCAACGAGCGCGTTC	-1.7221539481950927
e13_TGCGGCACATGGCTGC	-1.7164982702043043
e13_CAATGACGTTCGGACC	-1.7108425922135158
e13_GCAACCGGTTACCTGA	-1.7051869142227274
e13_TCGGGCACACACCTGG	-1.6995312362319388
e13_CACCAAAAGAACTCCT	-1.6938755582411504
e13_TCACTCGGTGCAATGG	-1.6882198802503618
e14_CGGAATTTCATGAAAG	-1.6825642022595735
e14_TTCCGGTAGCCGATCC	-1.676908524268785
e14_TCTCAGCTCGAGGCAA	-1.6712528462779963
e13_GAATCGTCACTCTAGA	-1.665597168287208
e14_TAACACGAGTACCCTA	-1.6599414902964194
e14_ATTACCTTCAAGGAGC	-1.654285812305631
e13_TCCTGCATCTCTCGAC	-1.6486301343148424
e13_GCCATGGAGCAGCAGT	-1.642974456324054
e13_ACGGGTCCACGATTCA	-1.6373187783332654
e13_ATGGGTTAGCACTCCG	-1.631663100342477
e13_GTAGAGGTCCTGCTAC	-1.6260074223516885
e13_GACCGTGAGTCATGAA	-1.6203517443609001
e14_GTTAGACGTATACCTG	-1.6146960663701115
e14_GAGGGTAGTCTTCTAT	-1.6090403883793232
e13_ACAGCCGAGTGCGTCC	-1.6033847103885346
e13_CAACGGCAGTAGCTCT	-1.5977290323977462
e13_CGAATTGCACTCTAGA	-1.5920733544069576
e14_ATGAAAGCACATAACC	-1.5864176764161693
e13_CACTGTCGTAAGGTCG	-1.5807619984253807
e14_GCGGATCAGTCGGCCT	-1.5751063204345923
e14_GAGTCATCACTGGCGT	-1.5694506424438037
e14_TAGGTACCAATCGCCG	-1.5637949644530154
e14_CATGCTCTCTAAACGC	-1.5581392864622268
e13_CACGTGGCACAAGTTC	-1.5524836084714382
e13_GTGCACGTCGAGCCTG	-1.5468279304806498
e14_TCAGCAAAGCCAACCC	-1.5411722524898612
e13_GTTACAGCAACGGCTC	-1.5355165744990729
e14_AACCACAGTCTTCATT	-1.5298608965082843
e14_TTTGGAGGTTGCGGAA	-1.524205218517496
e14_GTAAGTCTCTCGCCTA	-1.5185495405267073
e14_ACCAAACCATCGGAGA	-1.512893862535919
e14_AAGCGTTTCCCACAGG	-1.5072381845451304
e14_CTCCACAAGCTATCTG	-1.501582506554342
e14_GAGTGAGAGCGACTAG	-1.4959268285635534
e14_TCACTCGCAAATACGA	-1.490271150572765
e14_AACCATGCACCCTGAG	-1.4846154725819765
e13_GGTGATTTCGTTCTGC	-1.478959794591188
e14_CTATCTAAGCTCACTA	-1.4733041166003995
e14_ATTGTTCCAAATCCCA	-1.4676484386096111
e14_ACAGCCGGTTGTAGCT	-1.4619927606188226
e15_GAGACCCCACATGTTG	-1.4563370826280342
e15_AAAGTCCGTTCCGCAG	-1.4506814046372456
e15_GATAGAAAGTATTAGG	-1.4450257266464572
e15_GTCAAACCATCGAAGG	-1.4393700486556686
e15_ACGGTCGCAGGTTTAC	-1.4337143706648803
e14_CTTGAGAGTCCGGTCA	-1.4280586926740917
e15_ACCACAAGTGGGCTTC	-1.422403014683303
e15_GACCAATAGCGCCTTG	-1.4167473366925147
e15_TCCTTCTGTGGCAGAT	-1.4110916587017261
e14_ATTCACTGTACGAAAT	-1.4054359807109378
e15_ACAACCACATGCCGAC	-1.3997803027201492
e15_ATTACCTGTTGGTGTT	-1.3941246247293608
e15_CCGGACAAGAGAGTGA	-1.3884689467385722
e15_GGTTCTCTCGCTACGG	-1.3828132687477839
e15_TCATGAGCAGGTAGTG	-1.3771575907569953
e15_TCCATCGCACCCTAGG	-1.371501912766207
e15_TTACCGCTCAGGACGA	-1.3658462347754183
e15_CTACCTGCAAAGGTTA	-1.36019055678463
e15_TCATGGACAGTATACC	-1.3545348787938414
e15_GGTCACGTCGGACCAC	-1.348879200803053
e15_TCAGGGCGTACGAGCA	-1.3432235228122644
e15_AGAGCCCAGCCTAGGA	-1.337567844821476
e15_AACCACAGTTGTCTAG	-1.3319121668306875
e15_TGATGGTCATCATCCC	-1.326256488839899
e15_TCCTCCCTCGCTGATA	-1.3206008108491105
e15_GGCAGTCAGAAGGTAG	-1.3149451328583222
e15_CTGCCTACAGGCTTGC	-1.3092894548675336
e15_TAACTTCCAGCACACC	-1.303633776876745
e15_AACCAACAGTTTGAGA	-1.2979780988859566
e15_GGTAGAGAGAATTGTG	-1.292322420895168
e15_ATCGGATAGAGTAACT	-1.2866667429043797
e15_TCGAACAAGCCGGATA	-1.281011064913591
e15_ACCCTCAGTTATGGTC	-1.2753553869228027
e15_AGAGAATTCGGCTGAC	-1.2696997089320141
e15_CTGCGAGCAGCATACT	-1.2640440309412257
e15_AGCTCAATCTGCGGCA	-1.2583883529504372
e15_TTGGGTAGTACAGAGC	-1.2527326749596488
e15_TCTGGCTGTTGCTCGG	-1.2470769969688602
e15_TGATGCAAGTAAAGCT	-1.2414213189780718
e15_GCACTAATCATTTGCT	-1.2357656409872833
e15_TGTTCCGGTCACAATC	-1.2301099629964949
e15_ACCATTTCATACAGGG	-1.2244542850057063
e15_TCCCAGTCATATGAAG	-1.218798607014918
e15_GGCAGTCCAACTGGTT	-1.2131429290241293
e15_GGTGTCGGTATCACGT	-1.207487251033341
e15_GACCTTCTCAGACATC	-1.2018315730425524
e15_CGACAGCTCCGCACTT	-1.196175895051764
e15_GTAGGTTCACTCAAGT	-1.1905202170609754
e15_CCAATTTGTTCTCAGA	-1.184864539070187
e15_CTGGTCTAGCGTGTCC	-1.1792088610793985
e15_GTGTTAGTCAAGTAAG	-1.17355318308861
e15_CTGTGAACACACGTGC	-1.1678975050978215
e15_AACAGGGGTCAGACGA	-1.162241827107033
e15_GGTAGAGTCGCCGAGT	-1.1565861491162446
e15_GCTACCTGTGCTAGCC	-1.150930471125456
e15_TGGAGAGTCTGGTGGC	-1.1452747931346676
e15_GGAATCTGTCTCGGGT	-1.139619115143879
e15_AACAGGGAGTCGGGAT	-1.1339634371530907
e15_TTGTGTTAGTGTGTTC	-1.128307759162302
e15_AAATGGAGTATGGAGC	-1.1226520811715137
e15_AAGGAATTCCTCTCTT	-1.1169964031807251
e15_TGAGTCAGTCCGAAGA	-1.1113407251899368
e15_GCACGGTGTAATCAAG	-1.1056850471991482
e15_GACTCAAAGTATGACA	-1.1000293692083598
e15_CACAGGCCACGCAAAG	-1.0943736912175712
e15_GAGACCCAGATGTTCC	-1.0887180132267829
e15_TTTACTGAGCGCACAA	-1.0830623352359943
e15_CAGTTAGGTTACCGTA	-1.077406657245206
e15_TTGGGTATCCAAGAGG	-1.0717509792544173
e15_GTCGTTCCACAGTATC	-1.066095301263629
e15_TTCATGTCACTGTCCT	-1.0604396232728404
e15_TTCCGTGCACGCACCA	-1.0547839452820518
e15_TTCATTGGTAACCAGG	-1.0491282672912634
e15_CATGCTCTCATTCACT	-1.0434725893004748
e15_TACCCGTCAGTCCCGA	-1.0378169113096865
e15_CCACACTGTCGTCTCT	-1.0321612333188979
e15_TCCACGTTCCACCTGT	-1.0265055553281095
e15_CTGCAGGTCAAGTAAG	-1.020849877337321
e15_CTGAGGCCAGGCCTGT	-1.0151941993465325
e15_CGTTGGGGTCCTGTCT	-1.009538521355744
e15_TCTGCCAGTCCGGCAT	-1.0038828433649556
e15_CTGGCAGCACTCCCTA	-0.9982271653741671
e15_AAGGTAAGTATCCTCC	-0.9925714873833785
e15_CTTCTAATCTTAGGAC	-0.98691580939259
e15_GGGCGTTCAGCCTACG	-0.9812601314018016
e15_GCTACCTCATCCTCAC	-0.9756044534110131
e15_AGCATCATCTTTGCAT	-0.9699487754202246
e15_GTTGAACTCGGATACT	-0.9642930974294361
e15_TTGCATTGTGAAGCGT	-0.9586374194386477
e15_ACTATGGAGATTTGCC	-0.9529817414478592
e15_AACCACACAGCAGTAG	-0.9473260634570707
e15_CTACCTGAGTTCCGTA	-0.9416703854662822
e15_GATGTTGAGCTTTCTT	-0.9360147074754938
e15_ACGTCCTCATCTGCGG	-0.9303590294847053
e15_ATGTCCCGTGACGTCC	-0.9247033514939168
e15_GTTTGGAGTGGTAATA	-0.9190476735031283
e15_AATCGACGTAGTGTGG	-0.9133919955123398
e15_GTCAAACCAAACGGCA	-0.9077363175215514
e15_TAACACGCATTGTACG	-0.9020806395307629
e15_CCAATTTTCTGAATCG	-0.8964249615399744
e15_CTCCACAGTAGATCGG	-0.8907692835491859
e15_GTCACGGAGGCCACTC	-0.8851136055583975
e15_CCCATTGAGAAACTCA	-0.879457927567609
e15_ATCGGATAGACGGATC	-0.8738022495768205
e15_ACGTAGTTCTGTTCAT	-0.8681465715860319
e15_GGGATCCGTGGATCAG	-0.8624908935952434
e15_CGGCAGTAGACTCCGC	-0.856835215604455
e15_AATGACCAGGGTACGT	-0.8511795376136665
e15_TTGAACGTCAAGTAAG	-0.845523859622878
e15_CTAACTTTCCCGAGTG	-0.8398681816320895
e15_AAGACTCTCGGCCAAC	-0.8342125036413011
e15_CTGTCGTAGGCACGAT	-0.8285568256505126
e15_TCGGGCATCATTTGCT	-0.8229011476597241
e15_ATCGTCCCAGTTAGGG	-0.8172454696689356
e15_AATGGAATCTATACGG	-0.8115897916781472
e15_AACAAAGGTCTGCAAT	-0.8059341136873587
e15_GGAGGATCAGGCTTGC	-0.8002784356965702
e15_AAAGGGCGTTGGTACT	-0.7946227577057817
e15_CCACTTGGTGGGACAT	-0.7889670797149932
e15_TCCATCGGTCGCAACC	-0.7833114017242048
e15_AGCCACGCACACCGCA	-0.7776557237334163
e15_TTCACGCTCCGCTTAC	-0.7720000457426278
e15_TCCGAAAGTCAGTTTG	-0.7663443677518393
e15_CGGAACCCATCTGCGG	-0.7606886897610509
e15_GACCCAGTCAGGAAAT	-0.7550330117702624
e15_ATCCGTCAGTCTTCCC	-0.7493773337794739
e15_GATAGCTCAGAGAATT	-0.7437216557886853
e15_TTCGCTGTCCGTGTCT	-0.7380659777978968
e15_AGGTAGGGTATTCCTT	-0.7324102998071084
e15_CTGCCATCAGTTCTAG	-0.7267546218163199
e15_AATGAAGGTCGACTGC	-0.7210989438255314
e15_GGTCTGGAGGTATCTC	-0.7154432658347429
e15_CAGGGCTTCGTGGCGT	-0.7097875878439545
e15_TTTCACACACGGTGAA	-0.704131909853166
e15_TTCCTAAAGCACTGGA	-0.6984762318623775
e15_GCGGATCGTACTGGGA	-0.692820553871589
e15_GTAATCGCACCTGATA	-0.6871648758808006
e15_CTCCAACCAAGGATGC	-0.6815091978900121
e15_ACATCGAAGGCCTTGC	-0.6758535198992236
e15_GGTGGCTAGCTTGTTG	-0.6701978419084351
e15_ATTCCCGGTGAGGCAT	-0.6645421639176466
e15_AGAAATGTCGTACACA	-0.6588864859268582
e15_AACCCAATCTTACTGT	-0.6532308079360697
e15_AGCGATTTCCTTGAAG	-0.6475751299452812
e15_GTTCGCTAGAATCTAG	-0.6419194519544927
e15_TACTTACCAGACCTAT	-0.6362637739637043
e15_TCCCACAAGTTCCGTA	-0.6306080959729158
e15_GGGTAGAAGCATCCTA	-0.6249524179821273
e15_GTTCCGTTCGAGGCAA	-0.6192967399913387
e15_CCATCACAGGGTCACA	-0.6136410620005502
e15_GATAGAAGTCTTCATT	-0.6079853840097618
e15_AAGGTAACAGAGCTAG	-0.6023297060189733
e15_CAGTTCCGTTATGTGC	-0.5966740280281848
e15_ACGTCCTTCCATTGTT	-0.5910183500373963
e15_GTACAGTGTTTGTTGG	-0.5853626720466079
e15_CCTAAGACAAATGCGG	-0.5797069940558194
e15_TGTGTGAAGGATACCG	-0.5740513160650309
e15_TGAATGCTCTGGTCAA	-0.5683956380742424
e15_CATAGACGTAGAATAC	-0.562739960083454
e15_AGATCCACACGGCGTT	-0.5570842820926655
e15_TGGGCGTCAGCGTATT	-0.551428604101877
e15_GAGAAATTCACTGGTA	-0.5457729261110885
e15_CTGAGGCGTAGCGCTC	-0.5401172481203
e15_ATTCTACCAATTGCCA	-0.5344615701295116
e15_CTTCAATGTTATGACC	-0.5288058921387231
e15_GTTGTAGGTATAATGG	-0.5231502141479346
e15_TTCCTTCCACCAGCGT	-0.5174945361571461
e15_ATTTCACCATAGATGA	-0.5118388581663577
e15_CATCGTCTCCTCTAGC	-0.5061831801755692
e15_CGCAGGTCAGCCGTTG	-0.5005275021847807
e15_TACTTCAAGGGTACGT	-0.49487182419399217
e15_ACAAAGATCGTGTGAT	-0.4892161462032037
e15_GTCAAGTGTGCACAAG	-0.4835604682124152
e15_ACTTATCCAGTATTCG	-0.47790479022162674
e15_AAGCCATTCCACAGCG	-0.47224911223083826
e15_TAACCAGGTTACTCAG	-0.46659343424004973
e15_TCACACCGTTCGGGTC	-0.46093775624926125
e15_TAGACCACAGGGTTGA	-0.4552820782584728
e15_GTAGGTTTCTAAGCGT	-0.4496264002676843
e15_CATGAGTCATCGTGCG	-0.4439707222768958
e15_CCTACGTCATCATGAC	-0.43831504428610735
e15_GTCACTCGTGAGTCAG	-0.43265936629531887
e15_ACTATTCAGTCAGCGA	-0.4270036883045304
e15_TCGGGACGTGCTAGCC	-0.4213480103137419
e15_AGTAACCGTCTCGACG	-0.41569233232295344
e15_AAATGGATCACCACAA	-0.41003665433216496
e15_CTACCCACATCGATGT	-0.40438097634137643
e15_ACACTGATCCACGAAT	-0.39872529835058795
e15_TTTCAGTGTCACAGAG	-0.3930696203597995
e15_GATTTCTGTCTGATAC	-0.387413942369011
e15_CCACGAGCATCGCCTT	-0.3817582643782225
e15_GTGAGTTAGAAGATCT	-0.37610258638743405
e15_CTGCCTAAGCCAAGGT	-0.37044690839664557
e15_TAACTTCAGACGAGCT	-0.3647912304058571
e15_ATTCATCCATTGTCGA	-0.3591355524150686
e15_GTCTTTACATACCGTA	-0.35347987442428014
e15_GTATTGGTCATTACGG	-0.34782419643349166
e15_CGTGATATCTACGGTA	-0.34216851844270313
e15_ATTTCTGGTATCATGC	-0.33651284045191465
e15_CGTTCTGCACAGCTGC	-0.3308571624611262
e15_TTCCTCTAGCTGGCCT	-0.3252014844703377
e15_AGGACGAAGCCGAACA	-0.3195458064795492
e15_GCATCTCGTTCCCACT	-0.31389012848876074
e15_ATTGTTCGTGGACAGT	-0.30823445049797227
e15_GGTCACGCAGTCGCAC	-0.3025787725071838
e15_TTTGACTCACGCTGCA	-0.2969230945163953
e15_ACTCCCAAGTAGACCG	-0.29126741652560684
e15_TCCTCCCAGACTTCGT	-0.28561173853481836
e15_GATGCTAAGCTACAAA	-0.27995606054402983
e15_GAGGCCTTCTCAACGA	-0.27430038255324135
e15_TCTCTGGAGGGTACAC	-0.2686447045624529
e15_TGCGACGGTAGCGATG	-0.2629890265716644
e15_GAGACCCTCACTGTTT	-0.2573333485808759
e15_GGGCTACGTGTAAACA	-0.25167767059008744
e15_CGAGTTATCTGCATAG	-0.24602199259929897
e15_ACCTACCGTGGGCTCT	-0.2403663146085105
e15_GTTCCGTAGAGCCCAA	-0.234710636617722
e15_ACCACAACAGTCAACT	-0.2290549586269335
e15_TTGAGTGGTTAAGGAT	-0.22339928063614503
e15_CGTTGGGCAATAGGGC	-0.21774360264535655
e15_AACCATGAGCGTGTTT	-0.21208792465456808
e15_AGGGCTCAGGGCAGGA	-0.2064322466637796
e15_ACCCTCAAGTATTGCC	-0.2007765686729911
e15_TGATGCAAGACCAGAC	-0.19512089068220262
e15_GGGTAGAGTATCGTAC	-0.18946521269141414
e15_TTCTCTCTCCTACCGT	-0.18380953470062567
e15_AGCTTCCAGCCAAGTG	-0.1781538567098372
e15_TAAGTCGTCTGCAGCG	-0.1724981787190487
e15_CATGGATCATAAGCGG	-0.1668425007282602
e15_CCCAACTCAGCTCCTT	-0.16118682273747173
e15_GGGACCTGTTCAATCG	-0.15553114474668325
e15_TCATCATGTTCGGTTA	-0.14987546675589478
e15_CGTAAGTTCGGTCGAC	-0.1442197887651063
e15_GACACGCAGGTGCAGT	-0.1385641107743178
e15_TCGTCCATCTCACCCA	-0.13290843278352932
e15_GATAGAAAGCATTGTC	-0.12725275479274084
e15_GAAACCTAGCGAGGAG	-0.12159707680195236
e15_ACTGTGAGTATCTCGA	-0.11594139881116387
e15_GACATCACACATAGCT	-0.1102857208203754
e15_GACCGTGCAGTAACGG	-0.10463004282958692
e15_GTGCGTGGTGGCTGAA	-0.09897436483879843
e15_TTTCGATCACAGCTGC	-0.09331868684800995
e15_TGAATCGTCTGCCCTA	-0.08766300885722147
e15_TCATACTAGTTATGGA	-0.08200733086643298
e15_CCATAAGTCCTCACGT	-0.07635165287564451
e15_ATACCTTTCAGTCAGT	-0.07069597488485603
e15_TGAACGTGTAAGACCG	-0.06504029689406754
e15_ACGGTTAAGGATGCGT	-0.05938461890327906
e15_GGGTATTCACTAGGTT	-0.05372894091249058
e15_CCTAAGAGTGACAGCA	-0.048073262921702095
e15_ATTCCATTCCATTGGA	-0.04241758493091361
e15_AGTACCATCGACACTA	-0.036761906940125134
e15_AGGTCTACACAAATAG	-0.03110622894933665
e15_ACATCCCCAGCACACC	-0.02545055095854817
e15_ATCTCTAAGAAGATCT	-0.019794872967759686
e15_GAGAAATCATAATCCG	-0.014139194976971204
e15_AGTCTCCGTTGCATAC	-0.008483516986182722
e15_GAGTGAGGTTGATGTC	-0.002827838995394241
e15_TGCTCGTAGAAAGTCT	0.002827838995394241
e15_ATCTCTATCTCGGCTT	0.008483516986182722
e15_TCATCCGTCATTGCGA	0.014139194976971204
e15_ACCAACAGTCTTCCGT	0.019794872967759686
e15_TGATGGTCACCATATG	0.02545055095854817
e15_TCATGAGAGTAGGTTA	0.03110622894933665
e15_TCCTCCCTCATCTACT	0.036761906940125134
e15_CATGGATAGCAAACAT	0.04241758493091361
e15_GGTGTTATCCCTCTCC	0.048073262921702095
e15_AACCATGCACTATGTG	0.05372894091249058
e15_ATACTTCAGGGCTAAC	0.05938461890327906
e15_GCTGCAGAGTTGGAGC	0.06504029689406754
e15_CTACTATGTGAGCAGT	0.07069597488485603
e15_CCTTGTGTCTGCATAG	0.07635165287564451
e15_TACGGTAAGAATAGTC	0.08200733086643298
e15_TGACCCTAGCCGCTTG	0.08766300885722147
e15_TGCTTGCTCGTAGCCG	0.09331868684800995
e15_TTCTAGTTCGTAGTCA	0.09897436483879843
e15_CTGAATGGTCGCGTCA	0.10463004282958692
e15_CGGGACTAGTCGAAAT	0.1102857208203754
e15_TTTGGTTAGATGGCAC	0.11594139881116387
e15_GGAGCAATCGGACTGC	0.12159707680195236
e15_GTTTGGATCTACTGAG	0.12725275479274084
e15_GCTACAAAGGAGAATG	0.13290843278352932
e15_GATCACAAGTAAACGT	0.1385641107743178
e15_AGGAATAAGAACCCGA	0.1442197887651063
e15_AGAACCTCAAGAAACT	0.14987546675589478
e15_TGTGATGTCTTTCCAA	0.15553114474668325
e15_TAGACTGCAGGCTATT	0.16118682273747173
e15_TTCCTCTCAGCTACAT	0.1668425007282602
e15_CTCCGATTCCCTTTGG	0.1724981787190487
e15_GTGCGTGAGAAATCCA	0.1781538567098372
e15_GCTACCTAGTTGCCCG	0.18380953470062567
e15_GTGGAGACATCGCTAA	0.18946521269141414
e15_GTCACGGTCGCTCTCA	0.19512089068220262
e15_TCAGTCCCACCACTGG	0.2007765686729911
e15_GTGAGGATCGGTTGTA	0.2064322466637796
e15_GGAGATGCACTCCTGT	0.21208792465456808
e15_TGGTACACAAACACCT	0.21774360264535655
e15_AACAAGAAGAAAGTCT	0.22339928063614503
e15_GACATCAAGAGGTTTA	0.2290549586269335
e15_GACCCTTCATACAGCT	0.234710636617722
e15_CGGAACCCACCGGTCA	0.2403663146085105
e15_TGGAGAGCAAATTGGA	0.24602199259929897
e15_AGTCAACCACGTTCGG	0.25167767059008744
e15_TACCGAATCAAGATAG	0.2573333485808759
e15_TCCCACATCTAGTCAG	0.2629890265716644
e15_ACCGTTCGTCCTGTTC	0.2686447045624529
e15_CCGCAAGGTTTGAAAG	0.27430038255324135
e15_GATTCGAAGCTGACTT	0.27995606054402983
e15_TCGGGACAGGTAGTAT	0.28561173853481836
e15_CATACCCTCCATGCAA	0.29126741652560684
e15_CGGGTCAAGCGAAACC	0.2969230945163953
e15_GGGTTATCAAGAGTAT	0.3025787725071838
e15_TAGTGCATCAAATAGG	0.30823445049797227
e15_AGTGATCCACTTACAG	0.31389012848876074
e15_TAGAGTCCAGACAAAT	0.3195458064795492
e15_TTGCATTAGAACAAGG	0.3252014844703377
e15_CTCAATTCAATCAGCT	0.3308571624611262
e15_CTGTAGACATGAAGGC	0.33651284045191465
e15_GACGTTAGTTCTGAGT	0.34216851844270313
e15_TAGACCAGTAGTCCTA	0.34782419643349166
e15_TGTACAGTCATTTGCT	0.35347987442428014
e15_CGGGTGTGTAACAGTA	0.3591355524150686
e15_CATGCAATCTTTCAGT	0.3647912304058571
e15_TCTTAGTTCTTAGCAG	0.37044690839664557
e15_ATCATTCCACCAGCTG	0.37610258638743405
e15_TGGGATTTCCATTTGT	0.3817582643782225
e15_TGGATCAAGTAATCCC	0.387413942369011
e15_ATATCCTTCCATCACC	0.3930696203597995
e15_TTGCCTGGTGTAACGG	0.39872529835058795
e15_ATTTCTGAGCTCGAAG	0.40438097634137643
e15_AGCGTCGCAATGAACA	0.41003665433216496
e15_ATCCTATCACATGGTT	0.41569233232295344
e15_GTTGTAGCAACGTATC	0.4213480103137419
e15_GTCCACTTCTCTTCAA	0.4270036883045304
e15_TGATTCTAGCTCGTGC	0.43265936629531887
e15_ATAGGCTGTCTGTCCT	0.43831504428610735
e15_TGCAGTATCAAGCCCG	0.4439707222768958
e15_AATTTCCTCTCGACGG	0.4496264002676843
e15_TTGGTTTTCAAACGTC	0.4552820782584728
e15_TGATCAGGTCAGCGTC	0.46093775624926125
e15_TCAATTCGTGAGCTCC	0.46659343424004973
e15_AGTGACTTCCAAACCA	0.47224911223083826
e15_TTCCTAACATTAGGAA	0.47790479022162674
e15_TCATGTTCAGGGTTGA	0.4835604682124152
e15_CTCGAGGCAGGTTACT	0.4892161462032037
e15_ACCAAACGTCCCACGA	0.49487182419399217
e15_GTTGTGAGTCACGACC	0.5005275021847807
e15_CTTGAGAAGCTCCATA	0.5061831801755692
e15_GGGTAGAAGCCAGTAG	0.5118388581663577
e15_AACCATGAGCTCCCTT	0.5174945361571461
e15_ATGGGAGGTCTAACTG	0.5231502141479346
e15_AAAGAACAGGTTATAG	0.5288058921387231
e15_CTGCTCAAGTAAACAC	0.5344615701295116
e15_TCAGCAAGTACTCGCG	0.5401172481203
e15_TCCTTCTAGTGAATAC	0.5457729261110885
e15_AAAGGTATCGGACCAC	0.551428604101877
e15_CCGGACAAGGCTCACC	0.5570842820926655
e15_CCACTTGCAAAGGAGA	0.562739960083454
e15_TCCCATGAGCACACCC	0.5683956380742424
e15_CGAAGTTTCGCTACGG	0.5740513160650309
e15_TGGGTTAGTCGCACGT	0.5797069940558194
e15_GATGTTGTCGGATAAA	0.5853626720466079
e15_CCGGACAAGGCTCAAG	0.5910183500373963
e15_CTGTGAATCTGGTTGA	0.5966740280281848
e15_GGCGTCAAGTTCCGTA	0.6023297060189733
e15_GATGTTGGTATGACAA	0.6079853840097618
e15_AGATAGACAACCGGAA	0.6136410620005502
p0_ACTATTCTCTTACGTT	0.6192967399913387
p0_CCTTCAGGTGAACCGA	0.6249524179821273
p0_GACATCACAACGCATT	0.6306080959729158
p0_CAACCTCCAGGAACCA	0.6362637739637043
p0_AGAGAGCTCCGTGGCA	0.6419194519544927
p0_CAGCAATTCCTGTAAG	0.6475751299452812
p0_TGAGGTTTCCTCTGCA	0.6532308079360697
p0_CTGCCATCACAAATCC	0.6588864859268582
e15_GAGACCCGTACGATGG	0.6645421639176466
e15_ATTCCATTCTCGCTTG	0.6701978419084351
e15_ATCCGTCGTCGGAACA	0.6758535198992236
e15_TATTGGGTCTTGGAAC	0.6815091978900121
e15_TTACCATTCAGTAGGG	0.6871648758808006
e15_TTACGCCCAGTCGCTG	0.692820553871589
e15_CTAACCCCATTCACAG	0.6984762318623775
e15_CTCCGATCACATCCCT	0.704131909853166
p0_CGAGGAAGTAAGGCCA	0.7097875878439545
e15_ATTTCTGTCGATTCCC	0.7154432658347429
e15_AGACAGGTCATGTCAG	0.7210989438255314
p0_AAGGAATGTTTGATCG	0.7267546218163199
p0_TCGGTCTTCATCCTAT	0.7324102998071084
e15_AGGGTCCAGTTGCGCC	0.7380659777978968
e15_CGAGGAACACATGAAA	0.7437216557886853
p0_CTATCTATCGCTGACG	0.7493773337794739
p0_GGAGGTAGTCCACAGC	0.7550330117702624
p0_AGAGCAGAGGGATGTC	0.7606886897610509
e15_AACTTCTTCAGTCATG	0.7663443677518393
p0_AGATGAACAGACAATA	0.7720000457426278
p0_ATCTTCACAATGTCTG	0.7776557237334163
p0_TGAGACTCATCGATAC	0.7833114017242048
e15_AGGCATTGTCGGAACA	0.7889670797149932
e15_TTGGGCGCACGGAAGT	0.7946227577057817
p0_GATGAGGAGCCTGAAG	0.8002784356965702
p0_ACATGCAGTTCGGCTG	0.8059341136873587
p0_TAGGGTTTCTGCGTCT	0.8115897916781472
p0_GGAAGTGCAACTACGT	0.8172454696689356
p0_TCGCTCAGTGATCATC	0.8229011476597241
p0_CTCCACAGTTAAGACA	0.8285568256505126
p0_GCGTGCATCGTGGGAA	0.8342125036413011
p0_GATGGAGCACTAGTAC	0.8398681816320895
p0_CCGATCTAGCTAGATA	0.845523859622878
p0_GAGAAATGTAGGACTG	0.8511795376136665
p0_CGGGACTTCAAGTGTC	0.856835215604455
p0_ACCTGAATCATCTGTT	0.8624908935952434
e15_GACTCTCGTAGCTTAC	0.8681465715860319
p0_TCGTGCTCAATGTCTG	0.8738022495768205
p0_AACGGGACAAAGGGTC	0.879457927567609
p0_TGAGGAGAGGGCAGGA	0.8851136055583975
p0_AGATGAACAGCATCTA	0.8907692835491859
p0_GCAACCGGTCGTACAT	0.8964249615399744
p0_GGAATCTGTTCAAAGA	0.9020806395307629
p0_AGAAGTATCACCTACC	0.9077363175215514
p0_CCACGAGTCGCTAATG	0.9133919955123398
p0_TACCTGCAGCTTGTTG	0.9190476735031283
p0_CAGCAGCGTGATATAG	0.9247033514939168
p0_CAGCAGCAGAGTCTTC	0.9303590294847053
p0_CAACCTCCATGGGAAC	0.9360147074754938
p0_CTTGAGATCGTTCTGC	0.9416703854662822
p0_CTCAGGGCACTACGGC	0.9473260634570707
p0_CCCTTAGGTCGAGTGA	0.9529817414478592
e15_CTACATTCACACGGTC	0.9586374194386477
p0_CATGCTCTCCATTGTT	0.9642930974294361
e15_TCAAGACGTTATGTCG	0.9699487754202246
p0_TTAGGCACAGCATCTA	0.9756044534110131
p0_TTGACCCTCGACACTA	0.9812601314018016
p0_CAACCTCGTCTCACAA	0.98691580939259
p0_CATCCCAGTCTAACGT	0.9925714873833785
p0_AACAAGACAAGATTGA	0.9982271653741671
p0_CTGCGAGGTTCTCCTG	1.0038828433649556
p0_TCGTCCAGTTGACTGT	1.009538521355744
p0_CTCATCGTCCGGTAAT	1.0151941993465325
p0_GGCTTGGGTTCCGCTT	1.020849877337321
p0_CATTGAGTCGCTAAAC	1.0265055553281095
p0_CGTAAGTAGTCTGCAT	1.0321612333188979
p0_TTGTGGAGTGATACAA	1.0378169113096865
p0_CGAAGTTAGTTGAAAC	1.0434725893004748
p0_CGTTCTGTCCAATGCA	1.0491282672912634
p0_ACATCCCAGTCACGCC	1.0547839452820518
p0_AGTCATGAGCGCAATG	1.0604396232728404
p0_GGGTCTGAGACCCTTA	1.066095301263629
p0_AAGGTAATCGGTCTGG	1.0717509792544173
p0_TCAATCTAGGTGATAT	1.077406657245206
p0_CGAGGCTAGCATGCAG	1.0830623352359943
p0_AGGAGGTCATGAAGCG	1.0887180132267829
p0_CATGGTATCCTTGACC	1.0943736912175712
p0_GGCACGTCATATAGCC	1.1000293692083598
p0_AAGACTCGTGTTACAC	1.1056850471991482
p0_AGCATCATCTCATGGA	1.1113407251899368
p0_ACTGTCCAGGTTCTAC	1.1169964031807251
p0_GCACGGTAGTGCACTT	1.1226520811715137
p0_ATATCCTTCATTGCCC	1.128307759162302
p0_CTTCAATGTACCGCGT	1.1339634371530907
p0_TACTTCATCAAGTCTG	1.139619115143879
p0_GTATTGGGTCATACCA	1.1452747931346676
p0_CCTTTGGTCCATGAGT	1.150930471125456
p0_AGGGTTTTCATCACAG	1.1565861491162446
p0_ACGATCAAGTAGTCAA	1.162241827107033
p0_GGGCCATAGTAGCAAT	1.1678975050978215
p0_CTTCGGTTCGAGTTGT	1.17355318308861
p0_TGTAACGCATGGGCAA	1.1792088610793985
p0_GTGCTTCTCTCAATCT	1.184864539070187
p0_TGTAAGCTCGTGGCGT	1.1905202170609754
p0_TCAGGGCAGCTGTTAC	1.196175895051764
p0_TACTTACGTCGCTTGG	1.2018315730425524
p0_GCGATCGTCATTGCTT	1.207487251033341
p0_TTATTGCTCCTTGAAG	1.2131429290241293
p0_TCCCATGCATGACGGA	1.218798607014918
p0_TCGCACTGTGGCTGCT	1.2244542850057063
p0_GCAGGCTAGGCCTGAA	1.2301099629964949
p0_ATCTCTAGTTACACTG	1.2357656409872833
p0_TTTCACAAGTTGCGAG	1.2414213189780718
p0_TGGTTAGCACCACTGG	1.2470769969688602
p0_GCTTGGGCAGGCTATT	1.2527326749596488
p0_CGATGCGTCACCCATC	1.2583883529504372
p0_GAGTCTAAGAAGTCAT	1.2640440309412257
p0_CACATGACATCATCCC	1.2696997089320141
p0_CTGGTCTCAGTGCGCT	1.2753553869228027
p0_CTGCTCAAGCGTGTTT	1.281011064913591
p0_CTGCTCATCGTCAAAC	1.2866667429043797
p0_GCAACCGGTTTGGCTA	1.292322420895168
p0_TCATACTTCCTGGGAC	1.2979780988859566
p0_ACAGCCGAGCCGTTAT	1.303633776876745
p0_CTCAAGAAGCTTAGTC	1.3092894548675336
p0_GCAGCCATCGTCGACG	1.3149451328583222
p0_ACCAAACAGCCTGAAG	1.3206008108491105
p0_ACTTAGGCACCATAAC	1.326256488839899
p0_TGACAGTAGTCATGGG	1.3319121668306875
p0_TCACATTCATGGCCAC	1.337567844821476
p0_ATCGATGAGTCCCGGT	1.3432235228122644
p0_GTCTACCAGTCCCGGT	1.348879200803053
p0_CATCGCTGTTCGTTCC	1.3545348787938414
p0_CTCAGTCAGCATCCTA	1.36019055678463
p0_GATGATCGTTCGGCCA	1.3658462347754183
p0_ACTACGACACTGCTTC	1.371501912766207
p0_CTAGGTACAGTGCCTG	1.3771575907569953
p0_CCATCACTCTGCATGA	1.3828132687477839
p0_CGAGGCTGTAAGTAGT	1.3884689467385722
p0_CTGCATCCATGCACTA	1.3941246247293608
p0_CGATGGCCACAGTCGC	1.3997803027201492
p0_TAGGGTTTCCGTGGTG	1.4054359807109378
p0_TCTGTCGCAATCTGCA	1.4110916587017261
p0_TGGGAGACATATCTGG	1.4167473366925147
p0_CATTGCCGTGTTGCCG	1.422403014683303
p0_GTGGGAATCTTGCGCT	1.4280586926740917
p0_TCGGGCATCGACGCGT	1.4337143706648803
p0_CACGAATCAGTTAGGG	1.4393700486556686
p0_TGATGCAAGACAGTCG	1.4450257266464572
p0_GGAGATGAGCGACTTT	1.4506814046372456
p0_CATTCTAAGTACAGAT	1.4563370826280342
p0_GCGATCGGTGTGATGG	1.4619927606188226
p0_TTCCGTGCAAGGCGTA	1.4676484386096111
p0_CTGTACCCACGGCACT	1.4733041166003995
p0_GGAGGTACACCAGTAT	1.478959794591188
p0_TACAGGTAGCGATGGT	1.4846154725819765
p0_ACGATCATCGCGGACT	1.490271150572765
p0_TTCCTTCTCTACTTCA	1.4959268285635534
p0_CGTGTCTAGGTCGCCT	1.501582506554342
p0_CCCATTGTCACTGGTA	1.5072381845451304
p0_GAAATGAAGAAGCGCT	1.512893862535919
p0_CACTGGGCATACATCG	1.5185495405267073
p0_TAGAGTCGTGGGACAT	1.524205218517496
p0_ATTCTACTCGAGCACC	1.5298608965082843
p0_AGGGTTTTCATACAGC	1.5355165744990729
p0_AACCACACAGAGTTGG	1.5411722524898612
p0_TTGGATGAGATCACTC	1.5468279304806498
p0_TCCATCGTCACGTAGT	1.5524836084714382
p0_CTCCACATCTCTCTAA	1.5581392864622268
p0_GATAGCTAGAGCATAT	1.5637949644530154
p0_CGCCAGACATACGCAT	1.5694506424438037
p0_CGTGTCTCATACTGTG	1.5751063204345923
p0_GGGCGTTGTGCGTCGT	1.5807619984253807
p0_GTGGAGAGTGAGTGAC	1.5864176764161693
p0_CATGCTCTCCACAGCG	1.5920733544069576
p0_AACAACCGTTCTTCAT	1.5977290323977462
p0_TCCTTTCGTTCGCGTG	1.6033847103885346
p0_TCCATGCAGCGTTAGG	1.6090403883793232
p0_CATTCTACACTGGCCA	1.6146960663701115
p0_TGGTTAGCACGCTATA	1.6203517443609001
p0_AGCTCAAAGATAGGGA	1.6260074223516885
p0_AGTACCAGTCCGGACT	1.631663100342477
p0_GTCATCCCACCGTGGT	1.6373187783332654
p0_ACGTTCCAGCTGACCC	1.642974456324054
p0_AGCGCTGGTGGTATGG	1.6486301343148424
p0_TATGTTCTCTTACGGA	1.654285812305631
p0_AGGTGTTTCTAAGCCA	1.6599414902964194
p0_TCCTAATAGGATTTAG	1.665597168287208
p0_GATTCTTCAGCGTACC	1.6712528462779963
p0_AGCGATTTCTTTGCGC	1.676908524268785
p0_ACTGATGAGTGAGGCT	1.6825642022595735
p0_GGAGGATTCTGGCTGG	1.6882198802503618
p0_AACTTCTGTCTGTCCT	1.6938755582411504
p0_CCGATGGAGTATAGGT	1.6995312362319388
p0_ACCCTTGGTCGTTGGC	1.7051869142227274
p0_CTACTATTCCAGCCTT	1.7108425922135158
p0_ATTCCTATCAGTAGGG	1.7164982702043043
p0_CAACAGTCACCAGCCA	1.7221539481950927
p0_ATACCGACAGCACGAA	1.7278096261858813
